No,a,b,c
1,1,81.54107962,1
2,1,27.41189092,0
3,1,73.30527014,1
4,1,27.18651504,0
5,0,46.04565037,1
6,1,79.40785809,0
